./orb_stats_bf_matcher.csv:arabic_cropped.jpg	0.0055239200592041016	0.1939389705657959	1.0
./orb_stats_bf_matcher.csv:arabic_cropped.jpg	0.004530906677246094	0.20547199249267578	1.0
./orb_stats_bf_matcher.csv:arabic_cropped.jpg	0.004762172698974609	0.25040721893310547	1.0
./orb_stats_bf_matcher.csv:arabic_cropped.jpg	0.01577305793762207	0.33652687072753906	1.0
./orb_stats_bf_matcher.csv:arabic_cropped.jpg	0.0072710514068603516	0.23636412620544434	1.0
./orb_stats_bf_matcher.csv:arabic_cropped.jpg	0.0063250064849853516	0.2333378791809082	1.0
./orb_stats_bf_matcher.csv:arabic_cropped.jpg	0.0046689510345458984	0.22456908226013184	1.0
./orb_stats_bf_matcher.csv:arabic_cropped.jpg	0.005614042282104492	0.24365019798278809	1.0
./orb_stats_bf_matcher.csv:arabic_cropped.jpg	0.0052318572998046875	0.206589937210083	1.0
./orb_stats_bf_matcher.csv:arabic_cropped.jpg	0.006442070007324219	0.2557520866394043	1.0
./orb_stats_bf_matcher.csv:butterfly_cropped.jpg	0.004412174224853516	0.17730093002319336	64.8
./orb_stats_bf_matcher.csv:butterfly_cropped.jpg	0.004528045654296875	0.17297816276550293	64.8
./orb_stats_bf_matcher.csv:butterfly_cropped.jpg	0.004546165466308594	0.1772150993347168	64.8
./orb_stats_bf_matcher.csv:butterfly_cropped.jpg	0.0043430328369140625	0.18283700942993164	64.8
./orb_stats_bf_matcher.csv:butterfly_cropped.jpg	0.005898952484130859	0.32274293899536133	64.8
./orb_stats_bf_matcher.csv:butterfly_cropped.jpg	0.004494190216064453	0.1933901309967041	64.8
./orb_stats_bf_matcher.csv:butterfly_cropped.jpg	0.005869150161743164	0.265671968460083	64.8
./orb_stats_bf_matcher.csv:butterfly_cropped.jpg	0.005435943603515625	0.21170306205749512	64.8
./orb_stats_bf_matcher.csv:butterfly_cropped.jpg	0.005003213882446289	0.19587302207946777	64.8
./orb_stats_bf_matcher.csv:butterfly_cropped.jpg	0.005412101745605469	0.19392609596252441	64.8
./orb_stats_bf_matcher.csv:condame_cropped.jpg	0.005543947219848633	0.20151305198669434	62.6
./orb_stats_bf_matcher.csv:condame_cropped.jpg	0.004729032516479492	0.19465112686157227	62.6
./orb_stats_bf_matcher.csv:condame_cropped.jpg	0.0053730010986328125	0.24448108673095703	62.6
./orb_stats_bf_matcher.csv:condame_cropped.jpg	0.004920005798339844	0.2087709903717041	62.6
./orb_stats_bf_matcher.csv:condame_cropped.jpg	0.004623889923095703	0.2123701572418213	62.6
./orb_stats_bf_matcher.csv:condame_cropped.jpg	0.004395008087158203	0.20933198928833008	62.6
./orb_stats_bf_matcher.csv:condame_cropped.jpg	0.004755973815917969	0.19722199440002441	62.6
./orb_stats_bf_matcher.csv:condame_cropped.jpg	0.005818843841552734	0.20755910873413086	62.6
./orb_stats_bf_matcher.csv:condame_cropped.jpg	0.004484891891479492	0.1986079216003418	62.6
./orb_stats_bf_matcher.csv:condame_cropped.jpg	0.006067991256713867	0.23558998107910156	62.6
./orb_stats_bf_matcher.csv:likeblack_cropped.jpg	0.0064661502838134766	0.22145390510559082	67.4
./orb_stats_bf_matcher.csv:likeblack_cropped.jpg	0.004334926605224609	0.1958620548248291	67.4
./orb_stats_bf_matcher.csv:likeblack_cropped.jpg	0.005165815353393555	0.191986083984375	67.4
./orb_stats_bf_matcher.csv:likeblack_cropped.jpg	0.005323171615600586	0.19896388053894043	67.4
./orb_stats_bf_matcher.csv:likeblack_cropped.jpg	0.006462812423706055	0.19920802116394043	67.4
./orb_stats_bf_matcher.csv:likeblack_cropped.jpg	0.004416942596435547	0.19541311264038086	67.4
./orb_stats_bf_matcher.csv:likeblack_cropped.jpg	0.0047681331634521484	0.19111895561218262	67.4
./orb_stats_bf_matcher.csv:likeblack_cropped.jpg	0.005628108978271484	0.20719385147094727	67.4
./orb_stats_bf_matcher.csv:likeblack_cropped.jpg	0.005308866500854492	0.2012929916381836	67.4
./orb_stats_bf_matcher.csv:likeblack_cropped.jpg	0.006772041320800781	0.24812698364257812	67.4
./orb_stats_bf_matcher.csv:madam_cropped.jpg	0.005294084548950195	0.18772292137145996	72.2
./orb_stats_bf_matcher.csv:madam_cropped.jpg	0.007459163665771484	0.19277691841125488	72.2
./orb_stats_bf_matcher.csv:madam_cropped.jpg	0.005009889602661133	0.19243502616882324	72.2
./orb_stats_bf_matcher.csv:madam_cropped.jpg	0.0045888423919677734	0.18802499771118164	72.2
./orb_stats_bf_matcher.csv:madam_cropped.jpg	0.0057790279388427734	0.1743791103363037	72.2
./orb_stats_bf_matcher.csv:madam_cropped.jpg	0.005465030670166016	0.20673203468322754	72.2
./orb_stats_bf_matcher.csv:madam_cropped.jpg	0.007110118865966797	0.285067081451416	72.2
./orb_stats_bf_matcher.csv:madam_cropped.jpg	0.005149126052856445	0.1861710548400879	72.2
./orb_stats_bf_matcher.csv:madam_cropped.jpg	0.004445075988769531	0.19359111785888672	72.2
./orb_stats_bf_matcher.csv:madam_cropped.jpg	0.004590034484863281	0.19674396514892578	72.2
./orb_stats_bf_matcher.csv:malcomx_cropped.jpg	0.004418849945068359	0.20951604843139648	82.8
./orb_stats_bf_matcher.csv:malcomx_cropped.jpg	0.004466056823730469	0.18663382530212402	82.8
./orb_stats_bf_matcher.csv:malcomx_cropped.jpg	0.004470109939575195	0.20400381088256836	82.8
./orb_stats_bf_matcher.csv:malcomx_cropped.jpg	0.004472970962524414	0.18963098526000977	82.8
./orb_stats_bf_matcher.csv:malcomx_cropped.jpg	0.004559040069580078	0.20323896408081055	82.8
./orb_stats_bf_matcher.csv:malcomx_cropped.jpg	0.004429817199707031	0.21738195419311523	82.8
./orb_stats_bf_matcher.csv:malcomx_cropped.jpg	0.005012989044189453	0.21409106254577637	82.8
./orb_stats_bf_matcher.csv:malcomx_cropped.jpg	0.004570960998535156	0.21204590797424316	82.8
./orb_stats_bf_matcher.csv:malcomx_cropped.jpg	0.004716157913208008	0.21744394302368164	82.8
./orb_stats_bf_matcher.csv:malcomx_cropped.jpg	0.004971981048583984	0.2080690860748291	82.8
./orb_stats_bf_matcher.csv:memory_cropped.jpg	0.005580902099609375	0.19868206977844238	74.2
./orb_stats_bf_matcher.csv:memory_cropped.jpg	0.004503011703491211	0.21352601051330566	74.2
./orb_stats_bf_matcher.csv:memory_cropped.jpg	0.0052449703216552734	0.20157313346862793	74.2
./orb_stats_bf_matcher.csv:memory_cropped.jpg	0.004931926727294922	0.21033406257629395	74.2
./orb_stats_bf_matcher.csv:memory_cropped.jpg	0.004448890686035156	0.20897412300109863	74.2
./orb_stats_bf_matcher.csv:memory_cropped.jpg	0.004940032958984375	0.20360302925109863	74.2
./orb_stats_bf_matcher.csv:memory_cropped.jpg	0.004792928695678711	0.19953703880310059	74.2
./orb_stats_bf_matcher.csv:memory_cropped.jpg	0.005118131637573242	0.21421289443969727	74.2
./orb_stats_bf_matcher.csv:memory_cropped.jpg	0.0047130584716796875	0.19677495956420898	74.2
./orb_stats_bf_matcher.csv:memory_cropped.jpg	0.004497051239013672	0.19816303253173828	74.2
./orb_stats_bf_matcher.csv:prayer_cropped.jpg	0.004559993743896484	0.20630502700805664	70.8
./orb_stats_bf_matcher.csv:prayer_cropped.jpg	0.004461050033569336	0.19877004623413086	70.8
./orb_stats_bf_matcher.csv:prayer_cropped.jpg	0.004419088363647461	0.19955110549926758	70.8
./orb_stats_bf_matcher.csv:prayer_cropped.jpg	0.004595041275024414	0.22046208381652832	70.8
./orb_stats_bf_matcher.csv:prayer_cropped.jpg	0.004419803619384766	0.2046949863433838	70.8
./orb_stats_bf_matcher.csv:prayer_cropped.jpg	0.004704952239990234	0.2005929946899414	70.8
./orb_stats_bf_matcher.csv:prayer_cropped.jpg	0.004457950592041016	0.20268893241882324	70.8
./orb_stats_bf_matcher.csv:prayer_cropped.jpg	0.004660129547119141	0.2041161060333252	70.8
./orb_stats_bf_matcher.csv:prayer_cropped.jpg	0.005156993865966797	0.2000257968902588	70.8
./orb_stats_bf_matcher.csv:prayer_cropped.jpg	0.004530906677246094	0.19828200340270996	70.8
./orb_stats_bf_matcher.csv:rose_cropped.jpg	0.004681110382080078	0.18683290481567383	58.6
./orb_stats_bf_matcher.csv:rose_cropped.jpg	0.004642009735107422	0.18991994857788086	58.6
./orb_stats_bf_matcher.csv:rose_cropped.jpg	0.00450897216796875	0.18743085861206055	58.6
./orb_stats_bf_matcher.csv:rose_cropped.jpg	0.004601001739501953	0.19484806060791016	58.6
./orb_stats_bf_matcher.csv:rose_cropped.jpg	0.004547119140625	0.18669700622558594	58.6
./orb_stats_bf_matcher.csv:rose_cropped.jpg	0.004558086395263672	0.19706201553344727	58.6
./orb_stats_bf_matcher.csv:rose_cropped.jpg	0.004755973815917969	0.18418502807617188	58.6
./orb_stats_bf_matcher.csv:rose_cropped.jpg	0.004645824432373047	0.19634199142456055	58.6
./orb_stats_bf_matcher.csv:rose_cropped.jpg	0.004431962966918945	0.18878984451293945	58.6
./orb_stats_bf_matcher.csv:rose_cropped.jpg	0.004689931869506836	0.17141509056091309	58.6
./orb_stats_bf_matcher.csv:sherlock_cropped.jpg	0.006304025650024414	0.2306079864501953	83.2
./orb_stats_bf_matcher.csv:sherlock_cropped.jpg	0.005052089691162109	0.20221400260925293	83.2
./orb_stats_bf_matcher.csv:sherlock_cropped.jpg	0.00446319580078125	0.20755696296691895	83.2
./orb_stats_bf_matcher.csv:sherlock_cropped.jpg	0.00446319580078125	0.1961510181427002	83.2
./orb_stats_bf_matcher.csv:sherlock_cropped.jpg	0.006146907806396484	0.20438408851623535	83.2
./orb_stats_bf_matcher.csv:sherlock_cropped.jpg	0.0044689178466796875	0.19117093086242676	83.2
./orb_stats_bf_matcher.csv:sherlock_cropped.jpg	0.0046520233154296875	0.17782187461853027	83.2
./orb_stats_bf_matcher.csv:sherlock_cropped.jpg	0.004851102828979492	0.18501591682434082	83.2
./orb_stats_bf_matcher.csv:sherlock_cropped.jpg	0.006227970123291016	0.19858694076538086	83.2
./orb_stats_bf_matcher.csv:sherlock_cropped.jpg	0.004658937454223633	0.20242786407470703	83.2
./orb_stats_bf_matcher.csv:the_100_cropped.jpg	0.004394054412841797	0.19720792770385742	76.8
./orb_stats_bf_matcher.csv:the_100_cropped.jpg	0.004334926605224609	0.1950218677520752	76.8
./orb_stats_bf_matcher.csv:the_100_cropped.jpg	0.004375934600830078	0.19803500175476074	76.8
./orb_stats_bf_matcher.csv:the_100_cropped.jpg	0.004575967788696289	0.1954331398010254	76.8
./orb_stats_bf_matcher.csv:the_100_cropped.jpg	0.004548072814941406	0.20576000213623047	76.8
./orb_stats_bf_matcher.csv:the_100_cropped.jpg	0.0044100284576416016	0.19716906547546387	76.8
./orb_stats_bf_matcher.csv:the_100_cropped.jpg	0.0043909549713134766	0.20173883438110352	76.8
./orb_stats_bf_matcher.csv:the_100_cropped.jpg	0.004369974136352539	0.2075059413909912	76.8
./orb_stats_bf_matcher.csv:the_100_cropped.jpg	0.004392862319946289	0.20509791374206543	76.8
./orb_stats_bf_matcher.csv:the_100_cropped.jpg	0.005026102066040039	0.21537303924560547	76.8
